E_COLI,COLI_FEC,pH_CAMPO,TEMP_AGUA,COT,DBO_TOT,DQO_TOT,N_TOT,P_TOT,COLOR_VER,TRANSPARENCIA,ABS_UV,SST,TURBIEDAD,AS_TOT,HG_TOT,PB_TOT,DUR_TOT,CONDUC_CAMPO,OD_.,SEMAFORO
1,1,7,25,1,1,0,1,1,5,0.93,0.34814,1,12.1,1,1,1,36.14,140,74.53333333,1
1,1,7,24,1,1,1,1,1,5,0.66,0.22715,1,3,1,1,1,55.42,138.95,63.06666667,0
1,1,7,22,1,1,0,1,1,5,0.93,0.34814,1,9.4,1,1,1,36.14,140,74.53333333,1
1,1,7,26,1,1,0,1,1,5,0.93,0.34814,1,15,1,1,1,36.14,140,77.83333333,1
1,1,7,25,1,1,0,1,1,5,0.93,0.34814,1,13.2,1,1,1,36.14,140,74.53333333,1
1,1,7.92,27,1,1,1,1,1,20,5.5,0.009,1,2.5,1,1,1,83.3284,142.8666667,10,0
1,1,8.633333333,27,1,1,1,1,1,5,3.5,0.009,1,2.5,1,1,1,59.784,172.3333333,82.3,0
1,1,8.4,25,1,1,0,1,1,12.5,2.5,0.122,1,6.5,1,0,1,81.632,170.6666667,73.96666667,1
1,0,7.866666667,27,1,1,1,1,1,20,2.5,0.148,1,2.5,1,1,1,51,175,78.73333333,0
1,1,8.4,25,1,1,0,1,1,10,4,0.173,1,2.5,1,0,1,57,132,56.1,1
1,1,8.066666667,27,1,1,1,1,1,10,2.2,0.151,1,2.8,1,1,1,41.53,147.8333333,62.86666667,0
1,1,7.933333333,27,1,1,1,1,1,15,3,0.185,1,2.5,1,0,1,43.83,164.9666667,57.6,0
1,1,7.666666667,27,1,1,1,1,1,13,3.1,0.14591,1,2.5,1,1,1,45.9,113.1333333,65.8,0
1,1,8.566666667,27,1,1,1,1,1,13,1.2,0.17966,1,2.7,1,1,1,37.15,138.3333333,98.96666667,0
1,1,8.533333333,27,1,1,1,1,1,25,0.49,0.14302,1,2.5,1,1,1,41.49,137.5333333,71.16666667,0
1,1,8.933333333,25,1,1,0,1,1,8,0.35,0.13081,1,2.5,1,1,1,40.87,149.6,84.26666667,1
1,1,7.733333333,27,1,1,1,1,1,13,1.66,0.14591,1,2.5,1,1,1,43.31,131.5333333,63.06666667,0
1,1,8.633333333,27,1,1,1,1,1,10,1.15,0.18643,1,5,1,1,1,40.01,151.8333333,94.56666667,0
1,1,7.466666667,25,1,1,0,1,1,15,0.55,0.19283,1,65,1,1,1,39.95,167.6666667,65.16666667,1
1,1,9.033333333,25,1,1,0,1,1,10,1.15,0.15965,1,2.5,1,1,1,46.17,123,102.2,1
1,1,8.733333333,27,1,1,1,1,1,5,1.85,0.151,1,2.5,1,1,1,43.78,154,66.93333333,0
1,1,7,17,1,1,0,1,1,5,0.93,0.34814,1,2.5,1,1,1,36.14,140,74.53333333,1
1,1,7.77,27,1,1,1,1,1,15,5.02,0.009,1,2.5,1,1,1,46.7452,144.5,82.3,0
1,1,8.633333333,27,1,1,1,1,1,5,2.5,0.009,1,2.5,1,1,1,51.8128,171.3333333,71.16666667,0
1,1,9.033333333,25,1,1,0,1,1,15,2.3,0.133,1,2.5,1,1,1,73.469,158.3333333,96.63333333,1
1,1,8.266666667,27,1,1,1,1,1,25,2.1,0.149,1,2.5,1,1,1,53,179.6666667,88.13333333,0
1,1,9.1,25,1,1,0,1,1,12.5,2.5,0.16,1,2.5,1,1,1,64,129,87.1,1
1,1,8.633333333,27,1,1,1,1,1,10,2.2,0.158,1,2.5,1,1,1,41.53,138.95,71.16666667,0
1,1,8.333333333,27,1,1,1,1,1,25,3,0.18,1,2.5,1,0,1,37.85,162.5666667,102.2666667,0
1,1,8.033333333,27,1,1,1,1,1,13,2.6,0.14248,1,2.5,1,1,1,45.9,112.5,79,0
1,0,8.066666667,27,1,1,1,1,1,15,0.9,0.17125,1,2.5,1,1,1,39.21,136.2333333,84.1,0
1,1,9.133333333,25,1,1,0,1,1,15,0.58,0.14979,1,3.9,1,1,1,41.49,137.2666667,96.63333333,1
1,1,9.466666667,25,1,1,0,1,1,10,0.45,0.1236,1,2.5,1,1,1,40.87,151.7333333,86.93333333,1
1,1,7.333333333,27,1,1,1,1,1,13,1.8,0.16171,1,2.5,1,1,1,45.37,134.0333333,45.1,0
1,1,9.033333333,27,1,1,1,1,1,15,0.95,0.18529,1,5,1,1,1,40.01,154.8666667,97.86666667,0
1,1,8,27,1,1,1,1,1,15,0.45,0.20139,1,16,1,1,1,31.96,158,73.3,0
1,1,8.8,25,1,1,0,1,1,15,1.15,0.16377,1,3.5,1,1,1,36.14,126,101.0666667,1
1,1,8.566666667,28,1,1,1,1,1,5,1.75,0.151,1,2.5,1,1,1,45.77,157.6666667,53.7,0
1,1,6.906666667,25,1,1,0,1,1,25,0.4,0.009,0,175,1,1,1,35.7136,69.23333333,10,1
1,1,8.633333333,27,1,1,1,1,1,62.5,0.35,0.009,1,20,1,1,1,47.8272,94.33333333,71.16666667,0
1,1,8.766666667,25,1,1,0,1,1,125,0.48,0.009,1,8,1,0,1,36.828,65.33333333,73.96666667,1
0,0,6.666666667,25,1,1,0,1,1,50,0.8,0.314,1,15,1,1,1,55,139.6666667,58.33333333,1
1,1,7.566666667,27,1,1,1,1,1,100,0.5,0.432,1,15,1,1,1,44,103.6666667,53.56666667,0
1,1,7.833333333,27,1,1,1,1,1,60,0.2,0.312,1,15,1,1,1,23.94,61.15333333,44.02,0
1,1,7.3,27,1,1,1,1,1,70,0.3,0.385,1,18,1,0,1,23.91,75.3,60.36666667,0
1,1,8,27,1,1,1,1,1,100,0.2,0.3629,1,23,1,1,1,73.02,134.3,65.9,0
1,1,7.6,27,1,1,1,1,1,70,0.8,0.3708,1,17,1,1,1,20,61.26666667,48.2,0
1,1,7.7,25,1,1,0,1,1,60,0.47,0.34519,1,8.9,1,1,1,26.97,78.5,62.2,1
1,0,8.266666667,27,1,1,0,1,1,300,0.25,0.44702,1,39,1,1,1,20,57.8,53.9,1
1,0,7.433333333,27,1,1,1,1,1,70,0.7,0.58333,1,2.5,1,1,1,28.87,66.43333333,75.36666667,0
1,1,7.7,25,1,1,0,1,1,100,0.25,0.40107,1,32,1,1,1,20.24,97.03333333,86.2,1
1,1,7.466666667,27,1,1,1,1,1,100,0.35,0.44799,1,17,1,1,1,41.95,57.66666667,57.33333333,0
1,1,7.833333333,27,1,1,1,1,1,75,0.25,0.39855,1,25,1,1,1,26.1,55.33333333,49.46666667,0
0,0,6.666666667,24,1,1,1,1,1,100,0.45,0.35963,1,20,1,1,1,20,595,51.56666667,0
1,1,7.183333333,27,1,1,1,1,1,100,0.45,0.39855,1,19,1,1,1,29.85,57.66666667,51.83333333,0
1,1,6,18,1,1,0,1,1,5,0.93,0.34814,1,12.1,1,1,1,36.14,140,74.53333333,1
1,0,8.923333333,25,1,1,0,1,1,7.5,0.29,0.009,1,22,1,1,1,102.9392,437,87.73333333,1
1,1,8.933333333,25,1,1,0,1,1,60,0.2,0.009,1,35,1,1,1,142.2144,158.3333333,84.26666667,1
0,0,8.766666667,25,1,1,0,1,1,62.5,0.35,0.168,1,26,1,0,1,102.949,423.3333333,87.73333333,1
0,0,8.766666667,25,1,1,0,1,1,7.5,0.2,0.173,1,39,1,1,1,138,423.3333333,58.33333333,1
1,1,9.833333333,25,1,1,0,1,1,30,0.2,0.168,1,15,1,1,1,102,338.3333333,87.1,1
0,0,8.766666667,25,1,0,0,1,1,30,0.1,0.152,1,76,1,0,1,143.62,423.3333333,73.96666667,1
1,1,8.766666667,25,1,0,0,1,1,75,0.1,0.26,1,100,1,0,1,87.66,208,73.96666667,1
0,0,8.766666667,25,1,0,0,1,1,200,0.3,0.27117,1,23,1,1,1,171.09,423.3333333,58.33333333,1
1,0,8.766666667,25,1,1,0,1,1,40,0.3,0.1664,1,30,1,1,1,103.19,338.3333333,87.73333333,1
1,1,8.5,25,1,1,0,1,1,75,0.38,0.4806,1,28,1,1,1,107.88,158.3333333,86.2,1
1,1,8.933333333,25,1,1,0,1,1,30,0.16,0.15493,1,55,1,1,1,87.87,158.3333333,96.63333333,1
0,0,8.766666667,25,0,0,0,0,1,130,0.25,0.08715,1,110,1,1,1,162.91,600,58.33333333,1
0,0,8.766666667,25,1,1,0,1,1,60,0.25,0.17181,1,50,1,1,1,103.21,423.3333333,58.33333333,1
0,0,8.766666667,25,0,0,0,1,1,130,0.15,0.18643,1,130,1,1,1,126.59,600,58.33333333,1
0,0,8.766666667,29,0,0,0,1,1,1250,0.15,0.78584,0,180,1,1,1,154.59,600,53.9,1
0,0,7.866666667,24,1,1,1,1,1,30,0.15,0.17556,1,17,1,1,1,75.32,595,74.7,0
0,0,8.766666667,25,0,0,0,1,1,250,0.075,0.18643,1,25,1,1,1,135.31,423.3333333,58.33333333,1
1,1,8.23,24,1,1,1,1,1,25,0.57,0.009,1,10,1,1,1,109.2416,478.6666667,39.66666667,0
0,0,8.766666667,25,1,1,0,1,1,25,0.3,0.009,1,12.5,1,1,1,128.388,734.3333333,67.76666667,1
0,0,8.766666667,25,1,1,0,1,1,50,0.5,0.214,1,15,1,0,1,92.444,370.3333333,87.73333333,1
0,0,8.766666667,25,1,1,0,1,1,40,0.4,0.206,1,7.2,1,1,1,190,682.5,67.76666667,1
1,0,8.766666667,25,1,1,0,1,1,50,0.3,0.201,1,23,1,0,1,87,299,87.73333333,1
0,0,8.766666667,25,1,0,0,1,1,50,0.3,0.213,1,13,1,1,1,128.38,423.3333333,67.76666667,1
1,0,8.766666667,25,1,0,0,1,1,75,0.1,0.176,0,145,1,0,1,87.66,299,87.73333333,1
0,0,8.766666667,25,1,1,0,1,1,50,0.3,0.18275,1,16,1,1,1,131.44,423.3333333,67.76666667,1
0,0,8.766666667,25,1,1,0,1,1,40,0.3,0.18172,1,14,1,1,1,86.68,423.3333333,58.33333333,1
1,0,8.766666667,25,1,1,0,1,1,50,0.39,0.20972,1,18,1,1,1,124.48,338.3333333,77.83333333,1
0,0,8.766666667,25,1,1,0,1,1,50,0.15,0.17507,1,21,1,1,1,77.66,423.3333333,58.33333333,1
0,0,8.766666667,25,1,1,0,1,1,40,0.18,0.1656,1,10,1,1,1,127.86,423.3333333,67.76666667,1
0,0,8.766666667,25,1,1,0,1,1,70,0.15,0.13769,1,45,1,0,1,70.83,423.3333333,87.73333333,1
0,0,7.866666667,24,1,1,1,1,1,60,0.25,0.14317,1,24,1,1,1,70.33,595,74.7,0
0,0,8.766666667,25,1,0,0,1,1,50,0.15,0.17181,1,10,1,1,1,102.39,423.3333333,67.76666667,1
0,0,7.766666667,24,1,1,1,1,1,250,0.25,0.24693,1,70,1,1,1,51.89,595,74.7,0
1,0,8.766666667,25,1,1,0,1,1,30,0.08,0.20972,1,17,1,1,1,93.52,338.3333333,77.83333333,1
1,1,8.933333333,25,1,1,0,1,1,50,0.29,0.29078,1,4.6,1,1,1,30.73,158.3333333,96.63333333,1
1,1,8.633333333,24,1,1,1,1,1,13,0.02,0.16063,1,2.5,1,1,1,30.93,171.3333333,71.16666667,0
1,1,8.633333333,25,1,1,1,1,1,30,0.02,0.23119,1,2.5,1,1,1,28.33,138.95,94.56666667,0
1,1,8.633333333,24,1,1,1,1,1,30,0.02,0.2168,1,3.7,1,1,1,28.13,138.95,94.56666667,0
1,1,8.633333333,24,1,1,1,1,1,5,0.21,0.17057,1,2.5,1,1,1,26.1,138.95,71.16666667,0
1,1,8.633333333,24,1,1,1,1,1,25,0.02,0.19523,1,7.1,1,1,1,40.83,138.95,94.56666667,0
1,1,8,24,1,1,1,1,1,60,0.02,0.3312,1,18,1,1,1,31.84,134.3,74.5,0
1,1,6,22,1,1,0,1,1,5,0.93,0.34814,1,7.8,1,1,1,36.14,140,74.53333333,1
1,1,8.163333333,27,1,1,1,1,1,200,0.15,0.009,1,90,1,0,1,179.8868,128,90.76666667,0
1,1,8.5,24,1,1,1,1,1,25,0.12,0.009,0,100,1,1,1,107.6112,172.3333333,71.16666667,0
1,0,8.266666667,27,1,1,1,1,1,150,0.2,0.269,1,87.5,1,0,1,61.224,109.3333333,90.36666667,0
1,1,7.866666667,28,1,1,0,1,1,400,0.4,0.382,1,30,1,1,1,59,158.7666667,59.13333333,1
1,1,8.4,26,1,1,0,1,1,100,1,0.314,1,31,1,1,1,52,149.5,87.73333333,1
1,1,8.633333333,24,1,1,1,1,1,70,0.6,0.254,1,18,1,1,1,50.05,134.3,94.56666667,0
1,1,7.8,27,1,1,1,1,1,75,0.9,0.34608,1,17,1,1,1,47.95,100.2,74.5,0
1,1,8,27,1,1,1,1,1,100,0.8,0.38659,1,17,1,1,1,35.47,106.0333333,90.86666667,0
1,1,8.566666667,24,1,1,1,1,1,60,0.1,0.3312,1,21,1,1,1,39.21,134.3,74.5,0
1,1,8.933333333,25,1,1,0,1,1,25,0.29,0.17931,1,4.3,1,1,1,58.09,158.3333333,96.63333333,1
1,1,8.933333333,25,1,1,0,1,1,25,0.15,0.25482,1,5.2,1,1,1,51.09,158.3333333,96.63333333,1
1,1,8.633333333,25,1,1,1,1,1,40,0.25,0.24249,1,15,1,1,1,49.49,134.3,94.56666667,0
1,1,8.4,25,1,1,0,1,1,120,0.35,0.31801,1,45,1,1,1,34.4,158.3333333,77.83333333,1
1,0,7.766666667,24,1,1,1,1,1,40,0.35,0.28359,1,5,1,1,1,39.95,136.2333333,75.36666667,0
1,1,8.933333333,25,1,1,0,1,1,25,0.55,0.25893,1,6.4,1,1,1,36.14,158.3333333,96.63333333,1
1,0,8.766666667,25,1,1,0,1,1,100,0.25,0.39456,1,21,1,1,1,36.23,158.3333333,87.73333333,1
1,1,7,29,1,1,0,1,1,5,0.5,0.31801,1,39,1,1,1,36.14,140,74.53333333,1
1,1,7.893333333,27,1,1,1,1,1,75,1,0.009,1,12,1,1,1,59.914,153.1,65.93333333,0
1,1,8.566666667,27,1,1,1,1,1,25,0.5,0.009,1,7.5,1,1,1,154.5544,197.3333333,84.46666667,0
1,1,8.5,25,1,1,0,1,1,100,0.4,0.411,1,16,1,1,1,67.232,108,86.2,1
1,1,6.993333333,25,1,1,0,1,1,30,0.5,0.445,1,19,1,0,1,153,150.5333333,41.63333333,1
1,0,8.266666667,25,1,1,0,1,1,25,1,0.283,1,4.1,1,0,1,34,131.2666667,90.36666667,1
1,1,7.4,27,1,1,1,1,1,60,0.6,0.387,1,17,1,1,1,39.17,109.2,90.96666667,0
1,0,7.533333333,27,1,1,1,1,1,75,0.4,0.696,1,23,1,1,1,61.76,100.9666667,72.76666667,0
1,1,8.566666667,24,1,1,1,1,1,150,0.4,0.66539,1,32,1,1,1,31.3,134.3,57.33333333,0
1,1,8.5,25,1,1,0,1,1,90,0.4,0.6283,1,22,1,1,1,20.64,158.3333333,86.2,1
1,0,8.766666667,25,1,1,0,1,1,90,0.16,0.5479,1,28,1,1,1,26.97,158.3333333,87.73333333,1
0,0,7.533333333,24,1,1,1,1,1,250,0.24,0.7696,1,55,1,1,1,20.44,595,72.76666667,0
1,1,8.4,24,1,1,1,1,1,100,0.24,0.87337,1,28,1,1,1,94.86,134.3,65.9,0
1,0,8.766666667,25,1,1,0,1,1,75,0.25,0.4682,1,21,1,1,0,36.43,158.3333333,82.13333333,1
1,1,8.4,25,1,1,0,1,1,150,0.35,0.94722,1,37,1,1,1,20,158.3333333,86.2,1
1,1,8,24,1,1,1,1,1,250,0.25,0.38018,1,55,1,1,1,34.13,134.3,74.5,0
1,1,9.186666667,25,1,1,0,1,1,100,0.3,0.0138,1,16,1,1,0,150.818,294,56.36666667,1
1,1,8.5,25,1,1,0,1,1,250,0.2,0.411,1,120,1,1,1,331.188,501,81.1,1
1,1,8.4,27,1,1,1,1,1,100,0.4,0.423,1,6.6,1,1,1,462.22,194.3333333,84.46666667,0
1,1,7.546666667,25,1,1,0,1,1,50,0.3,0.439,1,2.8,1,1,1,103,222,51.73333333,1
1,1,7.9,25,1,1,0,1,1,30,1.1,0.353,1,4.5,1,1,1,255.2,141.4333333,81.1,1
1,1,8.166666667,25,1,1,0,1,1,40,0.8,0.366,1,3.5,1,0,1,161.02,184.7333333,73.96666667,1
1,0,7.766666667,27,1,1,1,1,1,60,0.8,0.46635,1,6.9,1,1,1,63.95,164.5,74.7,0
1,1,7.9,27,1,1,1,1,1,60,1,0.37401,1,8.5,1,0,1,77.2,141.1,70.5,0
0,0,8.766666667,25,1,1,0,1,1,60,0.4,0.39655,1,4.6,1,1,1,70.17,423.3333333,58.33333333,1
1,1,8.433333333,27,1,1,1,1,1,40,0.23,0.37297,1,2.8,1,1,1,80.91,160.9666667,65.9,0
0,0,8.766666667,25,1,1,0,1,1,50,0.25,0.33291,1,9.2,1,1,1,102.18,423.3333333,58.33333333,1
1,1,8.5,25,1,1,0,1,1,60,0.35,0.46968,1,7.6,1,1,1,113.42,160.1,91.7,1
1,1,8.8,25,1,1,0,1,1,30,0.35,0.34814,1,2.8,1,1,1,74.88,158.3333333,91.7,1
1,1,8.5,25,1,1,0,1,1,300,0.25,0.71925,1,50,1,1,1,60.03,172.6666667,86.2,1
1,1,8.5,25,1,1,0,1,1,500,0.15,0.81914,1,140,1,1,1,72.27,172.6666667,86.2,1
1,1,7,22,1,1,1,1,1,5,15,0.23587,1,9,1,1,1,55.42,138.95,63.06666667,0
1,1,7,17,1,1,0,1,1,5,0.93,0.31801,1,33,1,1,1,36.14,140,74.53333333,1
1,1,8.933333333,25,1,1,0,1,1,60,0.7,0.009,1,12.4,1,1,0,70.244,147.2333333,82.13333333,1
1,1,8.566666667,27,1,1,1,1,1,30,0.5,0.009,1,19,1,1,1,182.6552,264.3333333,71.16666667,0
1,1,8,27,1,1,1,1,1,100,0.45,0.305,1,16,1,1,1,52.525,94.33333333,73.3,0
1,1,6.976666667,25,1,1,0,1,1,125,0.3,0.417,1,34,1,1,1,45.91,137.3333333,74.53333333,1
1,0,8.2,25,1,1,0,1,1,40,1,0.214,1,4,1,1,1,38,110.5333333,88.2,1
1,0,7.766666667,25,1,1,1,1,1,60,0.7,0.286,1,13,1,1,1,43.52,136.2333333,75.36666667,0
1,1,7.833333333,27,1,1,1,1,1,100,0.4,0.44,1,24,1,0,1,27.89,85.1,99.2,0
1,1,8.566666667,24,1,1,1,1,1,75,0.3,0.38018,1,28,1,1,1,37.56,134.3,74.5,0
1,0,7.766666667,25,1,1,1,1,1,60,0.5,0.30385,1,13,1,1,1,41.28,136.2333333,75.36666667,0
1,1,8.933333333,25,1,1,0,1,1,70,0.17,0.22615,1,19,1,1,1,60.16,158.3333333,96.63333333,1
1,0,8.766666667,25,1,1,0,1,1,130,0.55,0.27265,1,13,1,0,1,51.09,299,87.73333333,1
1,1,8.5,25,1,1,0,1,1,100,0.15,0.53944,1,29,1,1,1,107.23,158.3333333,86.2,1
1,0,7.766666667,25,1,1,1,1,1,60,0.25,0.25585,1,14,1,1,1,60.71,136.2333333,75.36666667,0
1,1,8,24,1,1,1,1,1,150,0.35,0.53944,1,30,1,1,1,52.29,134.3,57.33333333,0
1,1,8.5,24,1,1,1,1,1,100,0.25,0.29458,1,27,1,1,1,74.28,134.3,84.46666667,0
1,1,8.566666667,24,1,1,1,1,1,50,0.15,0.23587,1,7.6,1,1,1,55.42,134.3,86.06666667,0
1,1,7,21,1,1,0,1,1,5,28,0.4806,1,18,1,1,1,74.88,140,74.53333333,1
1,1,7,16,1,1,0,1,1,5,0.66,0.4806,1,25,1,1,1,74.88,140,74.53333333,1
1,1,7.64,25,1,1,0,1,1,50,0.6,0.009,1,9.5,1,1,1,78.508,208.6666667,64.83333333,1
1,1,8.933333333,25,1,1,0,1,1,30,0.2,0.009,1,15,0,1,1,83.6976,238.6666667,84.26666667,1
1,1,7.64,25,1,1,0,1,1,50,0.45,0.031,1,16,1,1,1,90.024,192,56.66666667,1
1,1,7.766666667,25,1,1,0,1,1,20,0.4,0.219,1,14,1,1,1,109,274,67.76666667,1
1,1,8.933333333,25,1,1,0,1,1,25,0.5,0.21,1,4.4,1,1,1,89,172.6666667,96.63333333,1
1,1,8.766666667,25,1,1,0,1,1,25,0.7,0.145,1,8.5,1,0,1,77.4,170.6666667,73.96666667,1
1,1,7.5,27,1,1,1,1,1,30,0.6,0.26,1,10,0,0,1,59.77,180.7666667,11.86666667,0
1,1,8.4,27,1,1,1,1,1,25,0.4,0.19982,1,6.9,1,1,1,81.37,160.9333333,86.06666667,0
1,1,8.5,27,1,1,1,1,1,25,0.4,0.18437,1,5.7,1,1,1,82.55,213.0666667,84.46666667,0
1,1,8.933333333,25,1,1,0,1,1,30,0.48,0.22697,1,6.6,0,1,1,103.73,172.6666667,96.63333333,1
1,0,8.766666667,25,1,1,0,1,1,30,0.15,0.23941,1,6.1,0,1,1,81.74,238.6666667,87.73333333,1
1,1,8.3,25,1,1,0,1,1,30,0.65,0.25956,1,8.9,1,1,1,72.18,163.9333333,77.83333333,1
1,1,8.566666667,24,1,1,1,1,1,30,0.35,0.23587,1,7.3,1,1,1,68.81,134.3,86.06666667,0
1,1,8.633333333,24,1,1,1,1,1,25,0.35,0.22715,1,9.3,1,1,1,63.91,138.95,86.06666667,0
1,1,8.766666667,25,1,1,0,1,1,15,0.53,0.18952,1,6.3,1,1,0,72.27,137.2666667,95.13333333,1
1,1,8.766666667,25,1,1,0,1,1,100,0.15,0.35432,1,35,0,1,0,108.3,172.6666667,87.73333333,1
1,0,8.766666667,25,1,1,0,1,1,50,0.15,0.20972,1,12,1,1,1,79.59,299,77.83333333,1
1,1,7,30,1,1,0,1,1,5,0.5,0.219,1,30,1,1,1,89,450,65.16666667,1
1,1,7,29,1,1,1,1,1,5,0.49,0.305,1,28,1,1,1,154.5544,469,51.83333333,0
1,1,7,28,1,1,0,1,1,5,0.5,0.219,1,27,1,1,1,73.469,140,67.76666667,1
1,1,7,27,1,1,0,1,1,5,1.2,0.219,1,11.3,1,1,1,73.469,139,67.76666667,1
1,1,7,28,1,1,1,1,1,5,2.1,0.158,1,5.3,1,1,1,52.525,138,63.06666667,0
1,1,6,27,1,1,1,1,1,5,0.49,0.009,1,4.4,1,1,1,59.784,231,63.06666667,0
1,1,7,34,0,0,0,1,1,5,0.3,0.219,1,200,1,1,1,102,600,65.16666667,1
1,1,8,30,1,0,0,1,1,5,0.29,0.219,1,60,1,1,1,89,208,67.76666667,1
1,1,6,22,1,0,0,1,1,5,0.23,0.219,1,116,1,1,1,89,410,65.16666667,1