TIPO CUERPO DE AGUA,TOX_V_15_UT (NORMAL),E_COLI,COLI_FEC,pH_CAMPO,TEMP_AGUA,COT,DBO_TOT,DQO_TOT,N_TOT,P_TOT,COLOR_VER,ABS_UV,SST,TURBIEDAD,AS_TOT,HG_TOT,PB_TOT,DUR_TOT,CONDUC_CAMPO,OD_%
LÓTICO,1,1,1,8.73,17.3,1,1,0,1,1,20,0.0171,1,3.2,0,1,1,309.2436,4220,33.1
LÓTICO,0,1,1,8.73,17.3,1,1,0,1,1,5,0.0101,1,2.5,1,0,1,177.676,4220,33.1
LÓTICO,0,1,1,8.28,17.7,1,1,0,1,1,20,0.0129,1,40,1,0,1,183.874,3940,46.9
LÓTICO,0,0,0,7.56,23,0,0,0,0,1,400,0.0714,0,95,0,0,1,243.6928,2180,10
LÓTICO,0,0,0,7.63,20.1,0,0,0,0,1,250,0.009,0,85,1,0,1,239.8232,1397,10
LÓTICO,0,0,0,7.21,21.1,0,0,0,0,0,300,,0,39,1,1,0,262.4076,2240,12
LÓTICO,0,0,0,7.24,21.6,0,0,0,0,1,375,,0,490,1,0,1,315.2242,2385,12
LÓTICO,0,0,0,7.55,25.8,0,0,0,0,1,125,0.4123,1,400,1,0,1,202.86,1556,12
LÓTICO,0,0,0,7.16,25.4,0,0,0,0,1,375,0.8599,1,110,1,0,1,292.011,1841,12
LÓTICO,0,0,0,6.72,24.5,0,0,0,0,1,150,0.185,0,100,1,0,1,174.696,1411,12
LÓTICO,0,0,0,7.05,24.4,0,0,0,0,0,200,1.126,0,350,0,0,1,277.464,2024,12
LÓTICO,0,0,0,7.02,21.4,0,0,0,0,1,250,0.83,1,150,0,0,1,288.82,2124,10
LÓTICO,0,0,0,8.2,22.8,0,0,0,0,1,125,0.658,0,150,1,0,1,247.9,2036,14.3
LÓTICO,0,0,0,7.5,22.7,0,0,0,0,1,187.5,0.461,0,250,1,0,1,311.1,2000,14.4
LÓTICO,1,0,0,7.7,21,0,0,0,0,1,625,0.478,1,90,0,0,1,274.2,1846,14.2
LÓTICO,1,0,0,7.3,21,1,0,0,1,1,312.5,0.009,0,155,0,1,1,109.3,589,36.5
LÓTICO,0,0,0,7.3,24.4,0,0,0,0,1,375,1.045,0,170,0,0,1,204.9,1612,18.8
LÓTICO,1,0,0,7.1,22.6,0,0,0,0,0,250,0.225,0,160,1,1,1,100.1,2052,12.6
LÓTICO,1,0,0,7.4,22.8,0,0,0,0,1,75,1.279,0,130,1,1,1,229.05,1661,10
LÓTICO,0,0,0,7.1,22,0,0,0,0,1,250,0.91,0,100,0,1,1,224.24,1624,10
LÓTICO,1,0,0,7.6,24.6,0,0,0,0,1,250,0.552,1,90,1,1,1,192.27,1216,10
LÓTICO,1,0,0,7.2,23.1,1,0,0,0,1,150,0.4635,1,64,1,0,1,205.56,1575,10
LÓTICO,1,0,0,8.1,23.3,0,0,0,0,1,150,0.40244,1,80,0,1,1,201.41,1835,10
LÓTICO,1,0,0,7.2,15.9,0,0,0,0,1,200,1.5593,0,70,1,1,1,134.6,1694,10
LÓTICO,1,0,0,7.8,21.9,,,,0,1,200,,0,60,1,0,1,218.78,1533,10
LÓTICO,1,0,0,7.5,27.7,0,0,0,0,0,400,0.76206,0,130,0,0,0,282.39,1840,10
LÓTICO,1,0,0,7.2,21.8,0,0,0,0,1,100,0.39875,0,150,0,1,1,215.73,1295,15.2
LÓTICO,1,0,0,7.1,23.3,0,0,0,0,1,150,1.16905,1,90,0,1,1,236.46,1210,10
LÓTICO,1,0,0,7.2,22.3,0,0,0,0,1,200,1.08458,0,240,1,1,1,187.24,1186,10
LÓTICO,1,0,0,7.3,21.8,0,0,0,0,0,250,1.339,0,195,0,0,1,253.13,1638,10
LÓTICO,1,0,0,7.1,24.7,0,0,0,0,0,300,1.303,0,110,1,1,1,251.7,1976,10
LÓTICO,1,0,0,7,27.9,0,,0,0,0,300,1.83,0,185,1,1,1,267.12,2036,10
LÓTICO,1,0,0,7.3,22.3,0,0,0,,1,90,0.591,0,40,0,1,1,228.26,1363,17.8
LÓTICO,1,0,0,7.7,24.3,1,0,0,0,1,200,1.365,1,35,0,1,1,198.52,1347,10
LÓTICO,1,0,0,7.7,20.4,0,0,0,0,1,400,1.371,0,160,0,0,1,252.7,1430,10
LÓTICO,1,0,0,7.5,16.9,0,0,0,0,0,200,0.731,0,120,1,1,1,217.745,1469,21.6
LÓTICO,1,0,0,7.2,23.3,,,,0,1,300,0.807,0,120,0,1,1,206.22,1549,10
LÓTICO,1,0,0,7.1,23.6,,,,0,0,200,0.182,0,110,1,1,1,241.164,2019,10
LÓTICO,1,0,0,7.7,22.3,1,0,0,1,1,75,0.073,0,90,1,1,1,70.833,,72.3
LÓTICO,0,0,0,7,22,0,0,0,0,0,300,0.44,0,160,0,1,1,255.49,1849,18.1
LÓTICO,1,0,0,7.1,14.6,0,0,0,0,0,500,0.127,1,80,0,1,1,241.128,1515,18.4
LÓTICO,1,0,0,7.5,18.1,0,0,0,0,0,90,1.15,0,140,0,1,1,191.71,1362,10
LÓTICO,1,0,0,7,24.9,0,0,0,0,0,150,0.493,0,240,0,1,1,195.791,1710,15.3
LÓTICO,1,0,0,7.4,20.9,0,0,0,0,1,250,,0,160,0,1,1,223.627,1274,10
LÓTICO,1,0,0,8.01,13.5,,0,,0,0,1250,0.009,0,120,0,0,1,394.9504,1764,10
LÓTICO,1,0,0,7.85,10.1,,0,,0,0,1000,0.009,0,175,0,0,1,410.5448,1646,10
LÓTICO,1,0,0,7.85,15.6,0,0,0,0,0,1250,0.0475,0,30,1,0,0,445.6764,2860,12
LÓTICO,1,0,0,7.73,22.3,0,0,0,0,0,875,0.032,0,230,0,0,1,458.0956,2440,12
LÓTICO,1,0,0,7.18,22.5,0,1,0,1,1,375,0.0438,1,450,1,1,1,155.25,882,12
LÓTICO,0,0,0,7.9,21.2,0,0,0,1,1,1000,,1,1300,1,0,1,426.626,1944,12
LÓTICO,1,0,0,7.38,21.5,0,0,0,0,1,437.5,0.201,1,60,1,1,1,110.44,910,12
LÓTICO,0,0,0,8.05,19.8,0,0,0,0,0,1250,1.371,1,175,0,0,1,292.178,1898,12
LÓTICO,0,0,0,6.76,19.7,0,0,0,0,0,312.5,1.697,0,145,0,0,1,318.15,2270,10
LÓTICO,0,0,0,7.6,15.8,0,0,0,0,0,500,0.148,0,265,1,0,1,379.7,2680,16.2
LÓTICO,1,0,0,7.8,17.3,0,0,0,0,1,312.5,1.898,1,300,1,0,1,419.5,2570,17.5
LÓTICO,1,0,0,7.4,20.8,0,0,0,0,1,625,0.604,1,127.5,0,0,1,288.1,1781,13.6
LÓTICO,1,0,0,7.4,19.3,1,0,0,1,1,312.5,3.978,0,137.5,0,1,1,63.6,228,80.5
LÓTICO,1,0,0,7.9,21.6,0,1,0,1,1,375,0.767,1,16,1,0,1,101.4,659,22
LÓTICO,0,0,0,7.7,16.9,0,1,0,0,0,625,0.15,1,75,1,1,1,100.1,1695,12.6
LÓTICO,1,0,0,7.8,17.8,0,0,0,0,1,375,1.425,0,75,1,0,1,241.1,1613,10
LÓTICO,1,0,0,7.8,21.5,0,0,0,0,1,1000,1.901,1,20,1,1,1,250.03,1720,10
LÓTICO,1,0,0,7.8,22.3,0,0,0,0,1,750,0.838,1,85,1,1,1,262.37,1298,10
LÓTICO,1,0,0,7.2,18.9,0,0,0,0,0,1000,1.26194,1,31,1,0,1,319.77,2020,10
LÓTICO,0,0,0,8,19.8,0,0,0,0,0,650,1.41281,1,95,0,1,1,316.5,2121,10
LÓTICO,0,0,0,7.1,11.7,0,0,0,0,0,400,2.60932,0,64,1,1,1,1281.19,1668,12.2
LÓTICO,1,0,0,7.1,18.5,,,0,0,0,400,1.53641,0,58,1,1,1,363.26,2430,17.6
LÓTICO,1,0,0,7.2,26.9,,,,,,500,,,,0,0,0,1129.57,2750,10
LÓTICO,1,0,0,7,20.8,0,0,0,0,0,250,1.34758,0,275,0,0,1,234.05,1248,10
LÓTICO,1,0,0,7,21.7,0,0,0,0,0,200,1.56045,0,85,0,1,1,288.78,1530,10
LÓTICO,1,0,0,7,21.6,0,0,0,1,1,150,0.62506,1,100,1,1,1,122.11,801,10
LÓTICO,1,0,0,7.3,17.8,0,0,0,0,0,350,1.248,0,135,0,0,0,280.1,1869,10
LÓTICO,,0,0,7.1,21.8,0,0,0,0,0,400,1.299,0,165,1,1,0,305.79,2370,10
LÓTICO,1,0,0,7.1,25.9,0,0,0,0,0,300,0.473,0,220,0,1,0,369.86,2670,10
LÓTICO,0,0,0,7.1,21,0,0,0,0,0,200,1.647,0,450,0,1,1,289.4,1704,10
LÓTICO,1,0,0,7.2,23.3,1,0,0,0,1,300,1.425,0,32,1,1,1,239.45,1513,18.4
LÓTICO,1,0,0,7.3,20.9,0,0,0,0,0,250,1.836,1,50,1,1,1,238.55,2091,10
LÓTICO,1,0,,7.4,13.3,0,0,0,0,0,300,1.027,0,190,1,0,1,274.725,1631,17.6
LÓTICO,1,0,0,7.1,18.7,,,,0,0,600,0.442,0,160,0,1,1,280.459,1805,10
LÓTICO,1,0,0,7.4,21.1,0,0,0,0,1,300,0.168,0,80,0,1,1,287.1,1972,10
LÓTICO,1,0,0,7.6,23.1,0,0,0,0,1,250,0.072,0,85,0,1,1,52.619,649,10
LÓTICO,0,0,0,7.7,18,0,0,0,0,1,500,0.878,1,90,1,1,1,255.49,1541,10
LÓTICO,0,0,0,7.9,11.5,0,0,0,0,0,2500,1.087,1,100,0,1,1,263.231,1504,17.2
LÓTICO,1,0,0,7.6,13.1,0,0,0,0,1,250,1.483,1,110,0,1,1,211.89,1337,25.4
LÓTICO,1,0,0,7.2,23.2,1,0,0,0,1,250,0.981,0,55,1,1,1,147.583,1188,10
LÓTICO,1,0,0,7.9,20.6,0,0,0,0,1,300,,1,45,0,1,1,209.774,1283,24.6
LÓTICO,1,0,0,8.97,24.5,1,0,0,0,1,250,0.009,0,27.5,0,0,1,252.096,1524,
LÓTICO,1,0,0,8.85,19.2,1,1,0,1,1,200,0.009,1,25,0,0,1,256.0824,1272,150
LÓTICO,0,0,0,7.6,24.3,0,0,0,0,1,150,0.0136,1,95,1,1,1,245.5696,1731,12
LÓTICO,1,0,0,7.48,22,1,1,0,1,1,250,0.0127,0,120,1,1,1,138.2346,632,10
LÓTICO,1,0,0,8.05,22.4,1,1,0,1,1,312.5,0.0838,1,15,1,1,0,296.385,1221,19.6
LÓTICO,1,0,0,7.2,19.7,1,0,0,1,1,375,0.558,0,105,1,0,1,136.058,573,12
LÓTICO,1,0,0,8.14,17,0,0,0,0,1,200,0.098,1,53,0,0,1,210.738,1356,12
LÓTICO,1,0,0,7.84,24,1,0,0,0,1,50,0.244,0,13,1,0,1,302.36,1592,45.1
LÓTICO,,0,0,8,23.5,0,0,0,0,1,125,0.601,1,235,1,0,1,281.3,2021,13.2
LÓTICO,1,0,0,7.3,23.8,1,0,0,1,1,150,,1,65,0,1,1,135.1,878,13.6
LÓTICO,1,1,0,8.6,18.4,1,1,0,1,1,100,0.271,1,35,0,1,1,289.5,1587,117.6
LÓTICO,1,0,0,7.5,23.2,0,0,0,0,1,125,0.524,1,54,1,1,1,241.1,1659,10
LÓTICO,0,0,0,7.5,23.1,0,0,0,0,1,150,0.429,1,100,1,1,1,244.08,1642,10
LÓTICO,1,0,0,7.8,23.9,1,1,0,1,1,150,0.379,1,70,1,1,1,86.12,260,46.8
LÓTICO,1,0,0,7,22,1,1,0,1,1,125,0.15591,1,15,1,0,1,147.42,633,10
LÓTICO,1,0,0,8.4,26.5,1,1,0,1,1,250,0.41884,1,150,0,1,0,258.96,1747,38.3
LÓTICO,1,0,0,7.5,28.1,1,1,0,1,1,125,0.47898,1,52,1,1,1,138.39,785,25.4
LÓTICO,1,0,0,7.8,23.1,1,0,0,1,1,90,0.30825,1,140,1,1,1,124.14,629,38.1
LÓTICO,1,0,0,7.9,19,0,1,0,0,1,300,0.79825,1,66,1,1,0,262.54,1725,10
LÓTICO,1,0,0,7.9,17.6,0,0,0,0,1,200,0.43775,1,110,1,0,1,268.29,1809,10
LÓTICO,1,0,0,7.9,26.3,1,0,0,0,1,250,0.996,1,60,0,1,1,231.27,1950,10
LÓTICO,1,0,0,7.3,23.8,1,0,0,1,1,250,0.501,1,85,0,1,1,110.35,654,10
LÓTICO,1,0,0,7.7,20,0,0,0,1,1,500,1.67,1,28,1,1,1,143.53,813,10
LÓTICO,1,0,0,7.7,27,0,0,0,0,1,250,0.798,1,40,1,1,1,226.03,1793,10
LÓTICO,1,0,0,7.8,22.5,0,,0,0,1,150,1.056,1,26,0,1,1,168.02,926,10
LÓTICO,1,0,0,8.6,21.9,1,0,0,0,1,250,0.549,0,100,0,1,1,283.92,1550,103.8
LÓTICO,1,0,0,7.4,27.6,0,1,0,0,1,90,0.102,1,37,0,1,1,200.544,1504,10
LÓTICO,1,0,0,7.8,22,,,,0,1,130,0.252,1,45,0,1,1,195.745,1254,24.8
LÓTICO,0,0,0,7.6,22.4,0,0,0,0,1,200,0.111,0,70,0,1,1,201.511,1406,30.6
LÓTICO,1,1,1,7.59,19.8,,1,1,1,1,62.5,0.009,1,30,1,1,1,296.7304,2291,63.58
LÓTICO,0,1,1,7.54,23,0,1,0,0,0,150,0.009,1,28,1,0,1,284.536,2470,62.9
LÓTICO,0,1,1,7.67,20.4,1,1,0,0,1,75,0.009,1,30,1,1,1,339.4108,2285,50.4
LÓTICO,1,1,0,7.86,24.4,1,0,0,1,1,7.5,0.009,1,25,0,0,1,189.214,1384,75.6
LÓTICO,1,1,1,7.83,22.3,1,0,0,0,1,187.5,0.009,1,32.5,1,1,1,204.1412,1371,79.6
LÓTICO,0,0,0,7.33,17.7,0,0,0,0,1,125,0.0162,0,110,0,0,1,989.235,1455,12
LÓTICO,0,1,1,7.7,25.8,1,1,0,0,1,87.5,0.069,1,24,0,1,1,206.3698,1436,59.7
LÓTICO,1,0,0,7.55,28.4,1,0,0,0,1,125,0.009,1,77.5,1,0,1,194.3298,1387,27.5
LÓTICO,1,0,0,7.6,26.9,1,0,0,0,1,250,0.3317,1,35,0,0,0,184.319,1380,20.6
LÓTICO,0,0,0,7.5,24.8,1,0,0,0,1,125,0.294,1,63,1,0,1,167.456,1191,10
LÓTICO,1,0,0,7.63,25.1,1,0,0,0,1,125,0.266,1,21,1,0,1,193.384,1449,33.7
LÓTICO,1,0,0,7.67,23.8,1,1,0,0,1,125,0.302,1,27,1,1,1,239.18,1474,32.6
LÓTICO,1,0,0,8.9,19.7,1,0,0,0,1,62.5,0.253,1,25,1,0,1,183,1509,50.5
LÓTICO,1,0,0,7.8,26.5,0,0,0,0,1,62.5,0.379,1,125,1,0,1,178.6,1460,15.7
LÓTICO,0,1,0,7.7,27.5,0,0,0,0,1,70,0.293,1,35,1,0,1,176.3,1298,21
LÓTICO,1,0,0,7.6,24.4,1,0,0,0,1,100,0.255,1,25,0,1,1,143.1,1100,78.7
LÓTICO,1,0,0,8,24.8,0,1,0,0,1,125,0.266,1,32,1,0,1,184.2,1397,26
LÓTICO,0,0,0,7.8,24.4,1,0,0,0,1,130,0.041,1,65,0,1,1,39.17,1385,26.4
LÓTICO,1,0,0,8,26.3,0,0,0,0,1,75,0.029,1,60,1,1,1,170.78,1493,
LÓTICO,1,0,0,7.7,23.7,1,1,0,0,1,90,0.352,1,36,1,1,1,170.66,1322,40.9
LÓTICO,1,1,1,7.8,24.7,1,1,1,1,1,40,0.129,1,6.6,1,1,1,106.15,590,57.5
LÓTICO,1,1,0,7.2,26.7,1,0,0,0,1,150,0.27155,1,24,1,0,1,184.8,1437,43.7
LÓTICO,1,1,1,8,25.8,1,1,0,0,1,60,0.19483,1,11,0,1,1,115.09,1410,49.6
LÓTICO,1,0,0,7.9,20.6,1,1,0,0,1,60,0.1665,1,13,1,1,1,173.05,1177,62.5
LÓTICO,1,0,0,8,24.1,1,1,0,0,1,60,0.22607,1,4.8,1,1,1,175.44,1335,66.8
LÓTICO,1,1,1,8,26.7,1,1,0,,0,60,0.18009,1,9.6,1,1,1,177.8,1414,
LÓTICO,1,0,0,7.9,25.4,1,1,0,1,1,50,0.16911,1,3.7,1,1,1,156.71,1104,74.6
LÓTICO,1,1,1,7.8,25.6,1,1,1,1,1,40,0.20335,1,6.3,1,1,1,167.41,1021,73.8
LÓTICO,1,1,0,8.1,26.2,1,1,0,0,1,50,0.16581,1,5.3,0,1,1,166.89,1308,67.7
LÓTICO,1,1,1,7.5,19.9,1,1,0,0,1,50,0.194,1,7.1,1,1,1,174.28,1128,76.2
LÓTICO,1,1,1,7.7,24.8,1,1,1,0,1,40,0.188,1,3.3,1,1,1,170.58,1380,68.9
LÓTICO,1,0,0,7.7,26.1,1,1,0,0,1,60,0.216,1,3.2,1,1,1,168.49,1434,71.8
LÓTICO,1,1,0,7.6,27.4,1,1,0,0,1,40,0.502,1,6.2,1,1,1,169.15,1229,70
LÓTICO,1,1,1,7.2,23.7,1,1,0,1,1,30,0.159,1,4.6,1,1,1,132.83,902,63.8
LÓTICO,1,0,0,7.9,26.9,1,1,0,0,1,80,0.264,1,13,1,1,1,153.64,1300,52
LÓTICO,1,0,0,7.4,20,1,1,1,0,1,30,0.181,1,2.5,1,1,1,168.905,1222,66.3
LÓTICO,1,1,1,7.6,25.5,1,1,0,0,1,60,0.4,1,13,1,1,1,171.163,1377,64.5
LÓTICO,1,1,1,7.6,26.5,1,1,1,0,1,40,0.198,1,25,1,1,1,162.69,1404,59
LÓTICO,1,0,0,7.4,26.4,1,1,1,1,1,50,0.009,1,4.9,1,1,1,141.666,928,70.6
LÓTICO,1,1,1,7.5,25,1,1,1,1,1,30,0.172,1,4.4,1,1,1,155.797,1036,69.4
LÓTICO,1,1,1,7.4,22.2,1,1,1,0,1,60,0.213,1,3.6,1,1,1,161.999,1301,54.3
LÓTICO,1,1,1,7.7,20.5,1,1,0,0,1,20,0.179,1,4.4,1,1,1,171.53,1153,75.7
LÓTICO,0,1,1,7.6,27.3,1,1,0,0,1,40,0.177,1,3.6,1,1,1,163.075,1225,83.1
LÓTICO,1,0,0,7.7,26.4,1,1,1,1,1,60,,1,5.3,1,1,1,150.404,1106,89.2
LÓTICO,1,0,0,7.4,28,,1,1,,,,,1,,,,,,1033,75.8
LÓTICO,1,1,0,7.88,18.7,1,1,0,1,1,10,0.009,1,27,1,1,1,170.1648,967,37.5
LÓTICO,1,1,0,8.24,17.1,1,1,0,1,1,100,0.0444,1,13,1,1,1,170.7732,1263,12
LÓTICO,1,0,0,7.96,22.5,1,1,0,1,1,125,0.0963,1,22.5,1,1,1,177.192,1287,29.3
LÓTICO,1,0,0,7.77,22.9,1,1,0,1,1,62.5,0.009,1,300,1,1,1,175.95,1343,14.7
LÓTICO,1,1,0,7.51,22.9,1,1,1,1,1,175,0.3562,1,110,1,1,1,142.899,901,31.8
LÓTICO,1,0,0,7.72,21.8,1,1,0,1,1,312.5,0.217,1,32,1,0,1,263.048,936,25.1
LÓTICO,1,1,0,7.47,21,1,1,0,1,1,100,0.286,1,16,0,1,1,153.446,968,36.1
LÓTICO,1,0,0,7.81,17.5,1,0,0,1,1,100,0.211,1,20,1,1,1,180.51,1175,24.8
LÓTICO,1,0,0,8.3,18.6,1,0,0,1,1,100,0.288,1,15,1,1,1,181,1370,85
LÓTICO,1,1,0,8,20.8,1,0,0,1,1,50,0.307,1,87.5,1,0,1,192.7,1410,27.8
LÓTICO,1,0,0,8.1,23.4,1,1,0,,1,70,0.232,1,38,1,1,1,178.3,1291,13.9
LÓTICO,1,0,0,7.8,23.3,1,1,0,1,1,60,0.213,1,26,1,0,1,135.1,900,17.6
LÓTICO,1,1,0,8.4,21.6,1,1,0,1,1,60,0.175,1,32,1,1,1,124,797,103.2
LÓTICO,1,0,0,8.2,17.9,1,0,0,0,1,250,0.222,1,32,1,1,0,187.14,1088,28.5
LÓTICO,1,0,0,8,21,1,0,0,1,1,125,0.286,1,26,1,1,1,154.71,1022,20.6
LÓTICO,1,0,0,7.8,21.8,1,1,0,0,1,70,0.277,1,37,1,1,1,166.69,1145,12.6
LÓTICO,1,0,0,8,21.9,1,1,0,1,1,100,0.309,1,34,1,1,1,98.14,554,33.1
LÓTICO,1,0,0,7.4,23.7,1,0,0,1,1,75,0.28704,1,14,1,0,1,122.16,747,76.2
LÓTICO,1,0,0,7.8,22.9,1,1,0,1,1,70,0.26604,1,35,1,1,1,113.17,734,22.1
LÓTICO,1,0,0,8.1,15,1,1,0,1,1,90,0.23345,1,32,1,1,1,160.91,859,38.9
LÓTICO,1,0,0,8.1,19.5,1,1,0,0,1,200,0.23931,1,29,1,1,1,171.31,1030,33.5
LÓTICO,1,0,0,7.8,22.2,1,1,0,0,1,250,0.19694,1,105,1,1,1,192.45,1277,10
LÓTICO,1,1,0,7.8,22.9,1,1,0,0,1,70,0.29254,1,40,1,1,1,177.06,1145,24.4
LÓTICO,1,0,0,7.7,23.3,1,1,0,1,1,70,0.27117,1,39,1,1,1,108.82,624,16.7
LÓTICO,1,0,0,7.9,22.1,1,0,0,1,1,75,0.23851,1,28,1,1,1,124.15,741,31.4
LÓTICO,1,0,0,7.4,16.6,1,0,0,0,1,150,0.258,1,46,1,1,1,178.43,1047,78.4
LÓTICO,1,0,0,7.9,17.6,1,1,0,0,1,125,0.282,1,52,1,1,1,183.06,1142,41.2
LÓTICO,1,0,0,7.9,23.6,1,1,0,0,1,125,0.259,1,35,1,1,1,189.04,1306,22.8
LÓTICO,1,1,0,8,25.5,1,1,0,0,1,70,0.472,1,26,1,0,1,193.61,1333,46.7
LÓTICO,1,0,0,7.9,23.4,1,,0,1,1,70,0.284,1,18,1,1,1,157.36,1010,22.9
LÓTICO,1,0,0,8.3,22.5,1,1,0,1,1,70,0.322,1,26,1,1,1,92.99,533,69.2
LÓTICO,1,0,0,7.9,14.7,1,1,0,0,1,70,0.229,1,28,1,1,1,166.87,923,55.7
LÓTICO,1,1,0,7.6,17.6,1,1,0,0,1,75,0.243,1,37,1,1,1,156.064,962,53.2
LÓTICO,1,0,0,7.8,21.3,1,1,0,0,1,75,0.242,1,18,1,1,1,165.862,1230,47.3
LÓTICO,1,0,0,7.8,22.4,1,1,0,1,1,60,0.063,1,14,1,1,1,174.047,1130,75.9
LÓTICO,1,0,0,7.8,22,1,1,0,1,1,60,0.21,1,9.4,1,1,1,127.745,761,65.4
LÓTICO,1,0,0,7.6,18.5,1,1,1,1,1,100,0.197,1,21,1,1,1,140.658,825,61.3
LÓTICO,1,0,0,8.1,17.6,1,1,0,0,1,70,0.204,1,28,1,1,1,157.404,937,16.7
LÓTICO,1,0,0,7.7,24.9,1,1,1,1,1,50,0.238,1,21,1,1,1,138.524,934,10
LÓTICO,1,1,1,8.2,21.1,1,1,0,1,1,70,,1,36,1,1,1,158.32,1051,10
LÓTICO,,,,7,24,1,0,0,,1,5,,1,35,,,,,,
LÓTICO,,,,8,22,1,,0,,,,,1,40,,,,,,
LÓTICO,1,0,0,7.96,19.8,1,1,0,1,1,143,0.009,1,4.5,0,0,1,272.128,1205,53.8
LÓTICO,1,0,0,7.9,14.5,1,1,0,1,1,100,0.009,1,12.5,0,1,1,254.6712,1081,46.8
LÓTICO,1,1,0,7.94,17.7,1,1,0,1,1,75,0.0783,1,8.5,1,1,1,274.9032,1486,54.1
LÓTICO,1,1,1,7.91,21.1,1,1,0,1,1,125,0.009,1,15,0,0,1,273.6632,1541,58.9
LÓTICO,1,0,0,7.97,25.4,1,1,0,1,1,375,0.0323,1,575,1,1,1,155.25,1162,86.9
LÓTICO,1,0,0,7.91,24.1,1,1,0,1,1,125,0.302,1,28,1,0,1,173.964,775,105.5
LÓTICO,1,0,0,7.71,22.4,1,0,0,1,1,312.5,0.452,1,30,1,0,1,170.68,1023,12
LÓTICO,1,0,0,7.93,20.8,1,0,0,1,1,100,0.31,1,18,0,1,1,161.854,930,66.7
LÓTICO,1,0,0,7.88,16.2,1,0,0,1,1,150,0.504,1,20,0,0,1,320.41,1490,20.3
LÓTICO,1,1,0,8.1,16.1,1,1,0,1,1,125,0.425,1,8,0,1,1,275.4,1610,46.9
LÓTICO,1,1,0,8.2,23.4,1,0,0,1,1,50,0.344,1,17,0,0,1,252.9,1536,101
LÓTICO,1,0,0,8,24.1,1,0,0,1,1,75,0.207,1,19,1,0,1,168.9,838,71.8
LÓTICO,1,0,0,8.1,23.1,1,1,0,1,1,70,0.091,1,24,1,1,1,143.1,909,98.7
LÓTICO,1,0,0,8,20.8,1,1,1,1,1,70,0.21,1,17,1,0,1,150,804,46.5
LÓTICO,1,0,0,8.1,16.7,0,1,0,0,1,400,0.085,1,20,1,1,0,265.47,1289,50.1
LÓTICO,1,0,0,8.1,22,1,0,0,1,1,75,0.344,1,9.1,1,1,1,178.82,1090,39.9
LÓTICO,1,0,0,8,21.7,1,1,0,1,1,100,0.481,1,8.7,0,1,1,238.13,1302,60.3
LÓTICO,1,0,0,8.1,22.7,1,1,0,1,1,100,0.345,0,68,1,1,1,106.15,497,96.2
LÓTICO,1,0,0,7.3,22.8,1,0,0,1,1,250,0.48067,1,10,1,0,1,172.22,828,62.6
LÓTICO,1,0,0,8.1,23.2,1,1,0,1,1,70,0.28635,1,19,1,1,1,120.85,718,75.4
LÓTICO,1,1,0,8,15.6,1,1,0,1,1,90,0.26572,1,33,1,1,1,217.58,1017,72.3
LÓTICO,1,0,0,8.2,19.9,1,1,0,1,1,125,0.31246,1,12,1,1,1,206.4,1116,
LÓTICO,1,0,0,8.1,22.9,1,1,0,1,1,125,0.34983,1,20,0,1,1,238.47,1385,22.9
LÓTICO,1,0,0,8.2,22.9,1,1,0,1,1,125,0.2288,1,16,0,0,1,164.85,1012,97.2
LÓTICO,1,0,0,8,24.2,1,0,0,1,1,60,0.29877,1,13,1,1,1,113,622,92.3
LÓTICO,1,0,0,8,21.4,1,1,0,1,1,75,0.2444,1,7.6,1,1,1,132.29,801,82.5
LÓTICO,1,0,0,7.8,18.7,1,1,0,1,1,75,0.277,1,11,0,1,1,236.53,1224,62.9
LÓTICO,1,0,0,7.8,20,1,0,0,1,1,125,0.27,1,10,1,1,1,236.5,1329,77.4
LÓTICO,1,0,0,8.1,23.5,1,1,0,1,1,125,0.442,1,12,1,1,1,254.8,1415,79.9
LÓTICO,1,0,0,8,24.5,1,1,1,1,1,70,0.569,1,10,0,1,1,240.48,1381,56.8
LÓTICO,1,0,0,8,25.3,1,1,0,1,1,75,0.436,1,17,1,1,1,136.92,856,85.2
LÓTICO,1,0,0,8.2,25,1,1,1,1,1,80,0.302,1,11,1,1,1,109.17,656,82.7
LÓTICO,1,0,0,7.7,14,1,1,0,0,1,75,0.246,1,10,1,1,1,172.975,913,93
LÓTICO,1,0,0,8.1,19.7,1,1,0,1,1,90,0.291,1,8.4,1,1,1,177.523,1068,48.2
LÓTICO,1,0,0,8.1,23.4,1,1,0,1,1,70,0.498,1,11,0,1,1,226.176,1390,63.6
LÓTICO,1,0,0,8.2,22,1,1,0,1,1,75,0.107,1,22,1,1,1,172.023,1135,98.2
LÓTICO,1,0,0,7.9,24,1,1,0,1,1,60,0.227,1,9.2,1,1,1,135.986,770,79.7
LÓTICO,1,0,0,7.6,16.3,1,1,1,1,1,100,0.259,1,8,0,1,1,174.818,847,66.8
LÓTICO,1,0,0,8.2,16,1,0,0,0,1,75,0.258,1,12,0,1,1,173.548,979,77.7
LÓTICO,1,0,0,7.7,24.4,1,1,0,1,1,100,0.296,1,19,0,1,1,148.757,926,64.4
LÓTICO,1,0,0,8.2,22.6,1,0,1,1,1,100,,1,20,1,1,1,140.509,854,86.2
LÓTICO,,,,7,24,1,,0,,,,,1,34,,,,,,
LÓTICO,1,1,1,8.15,18,1,1,1,1,1,178.75,0.009,1,30,0,0,1,235.986,1095,106.3
LÓTICO,1,1,0,7.91,14.6,1,1,1,1,1,100,0.009,1,25,0,1,1,248.6076,1013,86.9
LÓTICO,1,0,0,8.03,17.9,1,1,0,1,1,300,0.0615,0,125,1,1,1,249.912,1379,50.6
LÓTICO,1,1,1,7.84,22.5,1,0,0,1,1,125,0.0195,0,230,0,0,1,317.492,1389,88.5
LÓTICO,1,0,0,7.88,25.4,1,1,0,1,1,312.5,0.0133,0,250,1,0,0,322.5474,1408,66.8
LÓTICO,1,0,0,7.9,26.3,1,1,0,1,1,125,0.3197,0,3,1,1,1,176.035,857,111.7
LÓTICO,1,0,0,7.75,23.2,1,1,0,1,1,125,0.305,1,24,0,0,1,138.151,991,47.9
LÓTICO,1,0,0,8.02,20.7,1,0,0,1,1,200,0.298,0,145,0,1,1,176.568,999,85
LÓTICO,1,1,0,7.92,19.7,1,1,0,1,1,125,0.238,0,175,0,0,1,302.36,1270,75.7
LÓTICO,1,0,0,8.2,20.1,1,1,0,1,1,125,0.363,1,100,1,0,1,273.5,1347,98.4
LÓTICO,1,0,0,8.2,22.8,0,1,0,1,1,187.5,0.321,0,1650,0,0,0,443.5,1430,80.6
LÓTICO,1,0,0,7.9,23.1,1,1,0,1,1,70,0.228,1,23,1,1,1,140.6,875,64.2
LÓTICO,1,0,0,8.1,22.5,1,1,0,1,1,75,0.274,1,37,0,0,1,174.9,921,67.5
LÓTICO,1,1,0,7.7,19.9,1,1,1,1,1,75,0.238,1,60,0,1,1,168,,51.6
LÓTICO,1,0,0,8.1,16.9,1,1,0,1,1,150,0.304,0,68,1,1,0,252.42,1124,54
LÓTICO,1,0,0,8,21.9,1,1,0,1,1,125,0.243,0,400,0,1,1,212.97,1121,69.8
LÓTICO,1,0,0,8,19.8,1,1,0,1,1,150,0.336,0,185,0,1,0,224.24,1142,56.7
LÓTICO,1,0,0,7.9,22.6,1,1,0,1,1,250,0.384,0,130,1,1,1,118.17,494,10
LÓTICO,1,1,0,7.3,22.4,1,1,0,1,1,50,0.27467,0,230,0,0,1,176.49,841,59.4
LÓTICO,1,0,0,7.9,22.2,1,1,0,1,1,150,0.3036,1,46,1,1,1,163.05,753,58.2
LÓTICO,1,1,0,8.1,17.9,1,1,0,1,1,325,0.2575,0,600,1,0,1,225.68,981,100.1
LÓTICO,1,0,0,7.9,21.4,1,1,0,1,1,150,0.38352,0,125,1,0,1,220.85,1230,70.6
LÓTICO,1,0,0,8.1,23.7,1,1,0,1,1,150,0.35501,0,250,0,1,0,234.28,1276,83.2
LÓTICO,1,0,0,8,21.9,1,1,0,1,1,100,0.26013,0,110,1,0,1,175.03,1002,69.3
LÓTICO,1,0,0,7.8,24.2,1,1,0,1,1,125,0.21786,1,74,1,1,1,119.28,619,48.6
LÓTICO,1,0,0,7.9,22.3,1,1,0,1,1,150,0.26624,1,11,1,1,1,134.32,809,62.8
LÓTICO,1,1,0,7.8,12.7,1,1,0,1,1,50,0.289,1,22,0,1,1,224.08,980,59.2
LÓTICO,1,0,0,7.8,18,1,1,1,1,1,70,2.703,1,40,1,1,1,237.14,1205,68
LÓTICO,1,0,0,7.7,20,1,1,0,1,1,70,0.387,1,21,1,1,1,248.63,1429,52.1
LÓTICO,1,0,0,7.8,24,1,1,0,1,1,75,0.638,1,27,0,1,1,230.29,1248,84.5
LÓTICO,1,0,0,7.6,24.2,1,1,0,1,1,75,0.319,1,9.1,1,1,1,133.03,754,51.5
LÓTICO,1,0,0,8,24.2,1,1,1,1,1,80,0.257,1,14,1,1,1,109.17,654,51.3
LÓTICO,1,0,0,8.1,13.7,1,1,0,1,1,70,0.26,1,21,0,1,1,203.5,941,69
LÓTICO,1,0,0,7.5,5.3,1,1,1,1,1,70,0.292,1,7.8,1,1,1,181.424,944,52.8
LÓTICO,1,1,0,8.7,21.8,1,1,0,1,1,70,0.234,1,18,0,1,1,207.328,1229,114.4
LÓTICO,1,0,0,7.8,23.9,1,1,1,1,1,100,0.009,1,13,1,1,1,165.952,1368,68.5
LÓTICO,1,0,0,8,21.6,1,1,1,1,1,60,0.25,1,12,1,1,1,131.828,710,53.7
LÓTICO,1,0,0,7.6,16.6,1,1,1,1,1,100,0.242,1,11,1,1,1,160.752,807,69
LÓTICO,1,0,0,7.9,13,,,,1,1,75,0.272,1,70,0,1,1,201.8,927,66.2
LÓTICO,1,0,0,7.8,22.7,1,1,0,1,1,75,0.319,1,25,0,1,1,161.012,950,50.6
LÓTICO,1,0,0,8.2,22.6,1,0,0,1,1,150,,0,110,0,1,1,172.173,916,75
LÓTICO,,,,7,21,1,1,0,,1,5,,1,9.1,,,,,,
LÓTICO,1,0,0,7.84,15.6,1,1,1,1,1,71.5,0.009,1,3.7,0,0,1,284.884,1162.5,13
LÓTICO,1,0,0,7.81,14.2,1,1,0,1,1,125,0.0842,1,5.6,0,1,1,274.9032,1513,12.5
LÓTICO,1,0,0,7.74,20,1,1,0,1,1,125,0.009,1,6,0,0,1,291.3824,1516,36.5
LÓTICO,1,0,0,7.73,23.2,1,1,0,1,1,312.5,0.0359,1,500,1,0,1,198.72,1167,22.1
LÓTICO,1,0,0,7.83,24.4,1,1,0,1,1,125,0.3052,1,28,1,0,1,144.97,783,84.2
LÓTICO,1,0,0,7.72,22.5,1,0,0,1,1,375,0.541,1,36,1,0,1,130.52,1082,12
LÓTICO,1,0,0,7.88,20.8,1,1,0,1,1,75,0.274,1,32.5,0,1,1,163.956,971,50.3
LÓTICO,1,0,0,7.88,16.8,1,1,0,1,1,125,0.366,1,10,0,1,1,331.69,1494,33
LÓTICO,1,0,0,7.9,14.8,1,1,0,1,1,75,0.338,1,5.2,0,0,1,277.4,1560,31.3
LÓTICO,1,0,0,7.9,20.2,1,1,0,1,1,62.5,0.33,1,12,0,0,1,281,1496,13.4
LÓTICO,1,0,0,7.9,23.6,1,0,0,1,1,75,0.239,1,20,1,0,1,137.1,852,49.7
LÓTICO,1,0,0,8.1,23.8,1,1,0,1,1,70,0.242,1,27,0,1,1,149,917,101.7
LÓTICO,1,0,0,8,20.8,1,1,1,1,1,70,0.21,1,9.8,0,1,1,166,883,40.1
LÓTICO,1,0,0,8.2,17.3,0,0,0,1,1,500,0.09,1,13,1,1,1,272,1316,52.9
LÓTICO,1,0,0,8,23.4,1,0,0,1,1,75,0.309,1,7.5,1,1,1,174.8,1038,29.1
LÓTICO,1,0,0,7.6,21.4,1,1,0,1,1,75,0.489,1,8.1,1,1,0,236.14,1284,42.1
LÓTICO,1,0,0,7.9,24.4,1,1,0,1,1,150,0.359,1,31,1,1,1,82.11,368,87.1
LÓTICO,1,0,0,7.3,22.3,1,0,0,1,1,125,0.43775,1,9.2,1,0,1,160.21,825,58.8
LÓTICO,1,0,0,8,23.5,1,1,0,1,1,70,0.27465,1,19,1,1,1,118.93,734,43.8
LÓTICO,1,0,0,7.9,14.6,1,1,0,1,1,70,0.30555,1,7.1,1,1,1,229.72,971,34.8
LÓTICO,1,0,0,8.1,19,1,1,0,1,1,125,0.30992,1,9.2,1,1,1,208.46,1075,70.2
LÓTICO,1,0,0,8,22.9,1,1,0,0,,75,0.28276,1,12,0,1,1,265.66,1500,33.5
LÓTICO,1,0,0,8.1,23.4,1,1,0,1,1,100,0.24395,1,15,1,1,1,164.85,1013,76
LÓTICO,1,0,0,7.9,24.7,1,1,0,1,1,70,0.26639,1,16,1,1,1,110.91,611,79.5
LÓTICO,1,0,0,8,22.1,1,1,0,1,1,75,0.25972,1,8.3,1,1,1,132.29,791,54.3
LÓTICO,1,0,0,7.9,17.4,1,1,0,1,1,65,0.286,1,5.4,0,1,1,240.68,1205,50.1
LÓTICO,1,0,0,7.9,22.8,1,1,0,1,1,125,0.32,1,6.9,1,1,1,242.73,1668,35.6
LÓTICO,1,0,0,7.9,22.2,1,1,0,1,1,75,0.289,1,11,1,1,1,254.8,1336,34.8
LÓTICO,1,0,0,7.8,21.9,1,1,1,1,1,60,0.552,1,3.8,0,1,1,240.48,1295,33
LÓTICO,1,0,0,7.9,23.8,1,1,0,1,1,70,0.512,1,17,1,1,1,130.98,733,76
LÓTICO,1,0,0,7.7,22.6,1,1,1,1,1,70,0.301,1,11,1,1,1,109.17,626,60.1
LÓTICO,1,0,0,8.1,14,1,1,0,0,1,75,0.253,1,8.5,1,1,1,179.08,921,79.4
LÓTICO,1,0,0,8.1,18.5,1,1,1,1,1,70,0.285,1,6.4,1,1,1,181.424,1029,30
LÓTICO,1,0,0,8,19.7,1,1,0,1,1,70,0.524,1,6.3,0,0,1,218.637,1266,37
LÓTICO,1,0,0,8,22.3,1,1,0,1,1,70,0.042,1,31,1,1,1,172.023,1142,80.1
LÓTICO,1,0,0,7.8,21,1,1,1,1,1,80,0.225,1,9,1,1,1,125.836,702,67.9
LÓTICO,1,0,0,7.8,14.8,1,1,1,1,1,80,0.262,1,6.6,1,1,1,169.902,813,47.8
LÓTICO,1,0,0,8.1,14.6,1,1,0,1,1,70,0.269,1,14,1,1,1,189.692,942,71.1
LÓTICO,1,0,0,8,23.6,1,1,0,1,1,60,0.313,1,21,1,1,1,170.057,1015,37.7
LÓTICO,1,0,0,8,22.9,1,1,0,1,1,100,,1,20,1,1,1,148.425,862,38.4
LÓTICO,1,1,1,8.97,19.4,1,1,1,1,1,178.75,0.009,1,8.4,1,0,1,195.592,963,150
LÓTICO,1,1,0,8.66,19.2,1,1,0,1,1,62.5,0.0455,1,8.3,1,1,1,212.4252,1280,140.6
LÓTICO,1,0,0,8.96,26.9,1,0,0,1,1,100,0.009,1,26,0,1,1,251.7258,1308,130
LÓTICO,1,1,0,8.65,24.5,1,0,0,1,1,125,0.009,1,45,0,1,1,230.391,1383,150
LÓTICO,1,0,0,8.41,28.4,1,1,0,1,1,125,0.2891,1,23,1,1,1,136.686,713,111.45
LÓTICO,1,0,0,7.92,24.1,1,1,0,1,1,125,0.243,1,30,1,0,1,150.71,898,43
LÓTICO,1,0,0,8.28,22.5,1,0,0,1,1,100,0.271,1,50,1,1,1,147.14,906,123.8
LÓTICO,1,1,1,8.15,20.5,1,1,0,,1,100,0.27,1,4.4,1,0,1,257.23,1233,145.9
LÓTICO,1,1,0,7.9,15.9,1,1,0,1,1,75,0.267,1,7.3,0,0,1,204.6,1390,44.8
LÓTICO,1,1,0,7.8,21.7,1,1,0,1,1,40,0.26,1,4.2,0,0,1,208.7,1450,30.3
LÓTICO,1,0,0,7.9,23.5,1,1,0,1,1,70,0.216,1,21,0,0,1,135.1,880,47.3
LÓTICO,1,1,0,8,21.4,1,1,0,1,1,60,0.197,1,17,1,0,1,132.4,741,59.2
LÓTICO,1,0,0,8,16.9,1,1,0,0,1,150,0.241,1,13,1,1,1,198.02,1070,32.3
LÓTICO,1,0,0,8.1,21.8,1,1,0,1,1,75,0.209,1,9.2,1,1,1,148.68,1011,17.1
LÓTICO,1,0,0,7.9,20.1,1,1,0,1,1,70,0.282,1,11,1,1,1,180.58,1123,63.7
LÓTICO,1,0,0,8.1,23.1,1,1,0,1,1,75,0.323,1,30,1,1,1,110.15,523,58.2
LÓTICO,1,1,0,7.5,23.5,1,0,0,1,1,100,0.29808,1,10,1,0,1,126.16,745,78.3
LÓTICO,1,0,0,8.3,24.5,1,0,0,1,1,75,0.29013,1,29,1,1,1,99.75,707,39.1
LÓTICO,1,1,1,7.7,14.8,1,1,0,1,1,60,0.25916,1,4.5,1,1,1,189.24,919,59.6
LÓTICO,1,0,0,8.5,21.1,1,0,0,0,1,150,0.24826,1,14,1,1,1,179.57,1088,
LÓTICO,1,1,0,8.1,23.5,1,1,0,1,1,125,0.25806,1,180,1,1,1,209.18,1297,51.6
LÓTICO,1,0,0,8.2,23.8,1,1,0,1,1,100,0.2236,1,14,1,1,1,160.78,1015,87.7
LÓTICO,1,0,0,8,25.8,1,1,0,1,1,70,0.28359,1,19,1,1,1,108.82,645,62
LÓTICO,1,0,0,7.9,22.1,1,1,0,1,1,125,0.28531,1,13,1,1,1,128.22,784,61
LÓTICO,1,1,0,8.1,16.4,1,1,0,1,1,75,0.25,1,10,1,1,0,192.96,1063,79.4
LÓTICO,1,1,0,8,22.7,1,1,0,1,1,70,0.269,1,8.7,1,1,1,218.42,1318,103.5
LÓTICO,1,0,0,8,21.4,1,0,0,1,1,75,0.258,1,10,1,1,1,207.53,1293,78.2
LÓTICO,1,0,0,7.9,22.9,1,1,0,1,1,70,0.355,1,6.4,0,1,0,199.72,1125,82.6
LÓTICO,1,0,0,7.9,25.8,1,1,0,1,1,70,0.3,1,13,1,1,1,136.92,861,58.9
LÓTICO,1,0,0,7.6,22.4,1,1,1,1,1,60,0.245,1,14,1,1,1,101.08,612,68
LÓTICO,1,0,0,7.9,15.8,1,1,0,0,1,75,0.23,1,8.1,1,1,1,164.835,928,56.7
LÓTICO,1,1,0,8.1,18.4,1,1,0,1,1,70,0.262,1,6.8,1,1,1,241.899,986,47.1
LÓTICO,1,0,0,8.1,27.3,1,1,0,1,1,70,0.349,1,6.3,1,1,1,183.744,1319,76.8
LÓTICO,1,0,0,8,22.7,1,1,0,1,1,70,0.043,1,22,1,1,1,182.142,1135,80.9
LÓTICO,1,0,0,8,22,1,1,0,1,1,60,0.226,1,11,1,1,1,127.745,700,76.6
LÓTICO,1,1,0,7.5,18.1,1,0,1,1,1,70,0.152,1,6.8,1,1,1,320.047,1040,52.8
LÓTICO,1,1,0,8,15.8,1,1,0,1,1,70,0.208,0,12,1,1,1,169.512,936,79.1
LÓTICO,1,0,0,8.3,24.4,1,1,0,1,1,60,0.214,1,26,1,1,1,155.499,904,87.2
LÓTICO,1,0,0,8.4,24.8,1,0,0,1,1,60,,1,20,1,1,1,112.803,740,99.2
LÓTICO,,,,8,22,1,,0,,,,,1,33,,,,,,
LÓTICO,1,1,1,7.6,23.5,1,1,1,1,1,30,0.009,1,2.5,1,1,1,121.894,929,92.9
LÓTICO,1,1,0,7.64,23.6,1,1,1,1,1,30,0.009,1,2.5,1,1,1,117.762,937,95.3
LÓTICO,1,1,1,7.6,23.5,1,1,1,1,1,40,0.009,1,2.5,1,0,1,107.1236,929,92.9
LÓTICO,1,0,0,7.66,25.5,1,1,0,1,1,40,0.009,1,2.5,1,1,1,124.729,958,94.3
LÓTICO,1,0,0,7.52,28.7,1,1,0,1,1,30,0.009,1,2.6,1,1,1,110.187,1110,97.4
LÓTICO,1,0,0,7.72,28.1,1,1,1,1,1,30,0.1808,1,2.5,1,1,1,190.532,1023,102.8
LÓTICO,1,0,0,7.32,25.5,1,1,0,1,1,40,0.228,1,2.5,1,1,1,134.536,873,97.9
LÓTICO,1,1,1,7.51,25.1,1,1,1,1,1,30,0.182,1,2.5,1,0,1,81.978,945,86.9
LÓTICO,1,1,1,7.34,24.5,1,1,0,1,1,25,0.161,1,2.5,1,1,1,131,1030,90.6
LÓTICO,1,1,0,7.7,24.4,1,1,1,1,1,25,0.208,1,2.5,1,0,1,122,1120,101.1
LÓTICO,1,0,0,7.9,27.4,1,1,1,1,1,25,0.186,1,2.5,1,0,1,104.4,1124,96.4
LÓTICO,1,0,0,7.6,26.7,1,1,0,1,1,20,0.119,1,2.5,1,0,1,113.3,970,101.7
LÓTICO,1,1,1,7.8,24.1,1,1,0,1,1,20,0.177,1,2.5,0,1,1,111.3,1151,94.4
LÓTICO,1,0,0,7.9,23.6,1,1,1,1,1,30,0.194,1,2.5,1,0,1,122.1,920,95
LÓTICO,1,1,1,7.9,20.8,1,1,1,1,1,25,0.17,1,2.5,1,1,1,269.82,992,91.4
LÓTICO,1,1,1,8,23.4,1,1,1,1,1,25,0.207,1,3.6,1,1,1,110.51,1071,94.1
LÓTICO,1,1,1,7.7,24.5,1,1,1,1,1,30,0.205,1,2.5,1,1,1,105.17,1151,90.5
LÓTICO,1,0,0,8,25.6,1,1,1,1,1,50,0.21,1,5.2,1,1,1,144.2,628,93
LÓTICO,1,1,0,7.1,23.4,1,1,1,1,1,30,0.21218,1,2.5,1,1,1,116.28,857,94.2
LÓTICO,1,0,0,7.8,23.2,1,1,1,1,1,40,0.2096,1,2.5,1,0,1,186.07,793,90.3
LÓTICO,1,0,0,7.5,21.2,1,1,1,1,1,30,0.17174,1,2.5,1,1,1,118.4,932,95.5
LÓTICO,1,1,1,7.7,22.6,1,1,1,1,1,20,0.13767,1,2.5,1,1,1,113.52,994,95
LÓTICO,1,1,1,7.7,28.1,1,1,1,1,1,25,0.16132,1,2.5,1,1,1,110.86,1250,98.6
LÓTICO,1,1,0,7,25.3,1,1,1,1,1,40,0.17897,1,2.5,1,1,1,136.36,858,97
LÓTICO,1,1,1,7.8,23.8,1,1,1,1,0,30,0.26703,1,2.8,0,1,1,119.28,721,100.4
LÓTICO,1,1,0,7.7,22.9,1,1,1,1,1,25,0.18113,1,2.5,1,1,1,116.01,1005,97.6
LÓTICO,0,1,1,7.7,21.1,1,1,1,1,1,50,0.194,1,2.9,1,1,1,118.26,1179,93.4
LÓTICO,1,0,0,7.7,23.6,1,1,1,1,1,60,0.267,1,2.7,1,1,1,103.73,1287,91.7
LÓTICO,1,1,1,7.5,27,1,1,0,1,1,15,0.158,1,2.5,1,1,1,96.58,1235,98.7
LÓTICO,1,0,0,7.6,25.6,1,1,1,1,1,20,0.21,1,2.8,1,1,1,105.98,904,92.9
LÓTICO,1,1,1,7.1,26.1,1,1,0,1,1,18,0.2,1,2.5,1,1,1,112.56,780,63.6
LÓTICO,1,1,0,8.1,25.8,1,1,1,1,1,20,0.237,1,2.5,1,1,1,101.08,705,94.3
LÓTICO,1,1,1,7.7,18.9,1,1,1,1,1,40,0.24,1,2.5,1,1,1,111.925,1114,88.2
LÓTICO,1,,,7.9,22.4,1,1,1,1,1,25,0.203,1,2.5,1,1,1,119.608,993,96.9
LÓTICO,1,0,0,8.2,22,1,1,1,1,1,30,0.23,1,5.1,1,1,1,96.125,1121,96.1
LÓTICO,1,0,0,7.7,25,1,1,0,1,1,30,0.052,1,2.9,1,1,1,91.071,1132,91.1
LÓTICO,1,1,1,7.4,24,1,1,0,1,1,50,0.269,1,3.7,1,1,1,101.867,693,79.6
LÓTICO,1,0,0,7.4,21.1,1,1,1,1,1,50,0.238,1,3,1,1,1,176.827,1056,94
LÓTICO,1,0,0,7.4,18.6,1,1,1,1,1,25,0.217,1,2.5,1,1,1,108.972,920,95.8
LÓTICO,1,0,0,7.5,25.6,1,1,1,1,1,25,0.233,1,2.7,0,1,1,109.88,856,103.5
LÓTICO,1,0,0,8,26.4,1,1,1,1,1,50,,1,2.5,1,1,1,83.118,1120,104.9
LÓTICO,,,,6,24,1,0,0,,,,,1,80,,,,,354,
LÓTICO,,,,7,28,1,1,1,,,,,1,35,,,,,434,
LÓTICO,,,,7,27,1,0,0,,,,,1,35,,,,,495,
LÓTICO,,,,7,29,1,0,0,,,,,1,48,,,,,487,
LÓTICO,,,,7,24,0,0,0,,,,,1,97,,,,,1128,
LÓTICO,,,,6,24,,1,1,,,,,1,8.7,,,,,590,